id,Cylinder26,Cylinder36,Cylinder46,,
0,48.6,55.4,68.2,1.206439059,55.49619671
1,48.7,55.4,68.3,1.208208031,55.57756943
2,48.8,55.3,68.6,1.213514948,55.8216876
3,49,55.4,68.7,1.21528392,55.90306032
4,49.2,55.5,68.6,1.213514948,55.8216876
5,49.1,55.8,68.4,1.209977003,55.65894215
6,49,55.9,67.9,1.201132142,55.25207854
7,48.8,55.9,67.5,1.194056253,54.92658765
8,48.4,55.7,67.8,1.19936317,55.17070582
9,48.2,55.7,68.2,1.206439059,55.49619671
10,47.9,55.8,68.6,1.213514948,55.8216876
11,47.9,56,68.7,1.21528392,55.90306032
12,47.8,56.1,68.4,1.209977003,55.65894215
13,47.8,56.3,68,1.202901114,55.33345126
14,47.8,56.2,67.6,1.195825226,55.00796038
15,47.9,56.3,67.3,1.190518309,54.76384221
16,47.8,56.3,67.6,1.195825226,55.00796038
17,48,56.4,67.6,1.195825226,55.00796038
18,48.1,56.3,67.6,1.195825226,55.00796038
19,48.4,56.2,67.8,1.19936317,55.17070582
20,48.7,55.9,68.1,1.204670087,55.41482399
21,49,56,68.1,1.204670087,55.41482399
22,49,55.9,68,1.202901114,55.33345126
23,49,55.8,67.8,1.19936317,55.17070582
24,48.7,55.6,67.6,1.195825226,55.00796038
25,48.4,56,67.1,1.186980364,54.60109676
26,48.1,55.9,67,1.185211392,54.51972404
27,47.9,56,67.3,1.190518309,54.76384221
28,47.9,55.7,67.8,1.19936317,55.17070582
29,48.2,55.6,68.2,1.206439059,55.49619671
30,48.5,55.2,68.3,1.208208031,55.57756943
31,48.7,55.1,68.1,1.204670087,55.41482399
32,48.5,55,67.9,1.201132142,55.25207854
33,48.6,55.7,67.5,1.194056253,54.92658765
34,48.6,55.9,67.6,1.195825226,55.00796038
35,48.7,55.9,67.8,1.19936317,55.17070582
36,48.5,55.6,68,1.202901114,55.33345126
37,48.6,55.6,68.1,1.204670087,55.41482399
38,48.6,55.4,68.2,1.206439059,55.49619671
39,48.7,55.5,68.3,1.208208031,55.57756943
40,48.5,55.7,68.3,1.208208031,55.57756943
41,48.6,55.9,68.4,1.209977003,55.65894215
42,48.6,55.9,68.8,1.217052892,55.98443304
43,48.6,55.9,68.9,1.218821864,56.06580577
44,48.5,55.5,68.7,1.21528392,55.90306032
45,48.2,55.7,68.2,1.206439059,55.49619671
46,48,55.7,68.3,1.208208031,55.57756943
47,47.9,55.7,68,1.202901114,55.33345126
48,47.9,55.6,67.4,1.192287281,54.84521493
49,48.1,55.6,66.6,1.178135503,54.19423315
50,48.1,55.6,66.4,1.174597559,54.03148771
51,48.2,55.6,66.7,1.179904475,54.27560587
52,48.3,55.2,67.1,1.186980364,54.60109676
53,48.4,55.5,67.2,1.188749337,54.68246949
54,48.4,55.9,67.1,1.186980364,54.60109676
55,48.5,56,67.1,1.186980364,54.60109676
56,48.6,55.8,67.4,1.192287281,54.84521493
57,48.8,55.9,67.5,1.194056253,54.92658765
58,49,55.7,67.3,1.190518309,54.76384221
59,49.2,55.9,67.7,1.197594198,55.0893331
60,49,56,68.1,1.204670087,55.41482399
61,48.6,56.3,68.1,1.204670087,55.41482399
62,48.2,56.3,68,1.202901114,55.33345126
63,47.8,56.4,68,1.202901114,55.33345126
64,47.6,56.5,68.1,1.204670087,55.41482399
65,47.4,56.6,67.6,1.195825226,55.00796038
66,47.5,56.3,66.9,1.18344242,54.43835132
67,47.8,56.1,66.6,1.178135503,54.19423315
68,47.9,55.8,66.4,1.174597559,54.03148771
69,48.2,55.6,66.1,1.169290642,53.78736954
70,48.4,55.5,66.1,1.169290642,53.78736954
71,48.6,55.5,66.3,1.172828587,53.95011498
72,48.5,55.5,66.4,1.174597559,54.03148771
73,48.6,55.7,66.8,1.181673448,54.3569786
74,48.5,55.7,67.1,1.186980364,54.60109676
75,48.4,55.7,67.3,1.190518309,54.76384221
76,48.3,55.9,67.3,1.190518309,54.76384221
77,48.2,56.1,67.2,1.188749337,54.68246949
78,48.2,56.3,66.9,1.18344242,54.43835132
79,48.4,56.5,66.8,1.181673448,54.3569786
80,48.4,56.4,66.7,1.179904475,54.27560587
81,48.3,56.5,66.9,1.18344242,54.43835132
82,48.4,56.2,67.1,1.186980364,54.60109676
83,48.3,56.2,67.1,1.186980364,54.60109676
84,48.2,56.2,66.7,1.179904475,54.27560587
85,48.3,56.2,66.3,1.172828587,53.95011498
86,48.4,56,66.2,1.171059614,53.86874226
87,48.7,55.9,66.3,1.172828587,53.95011498
88,48.8,55.9,66.5,1.176366531,54.11286043
89,48.9,56.2,66.7,1.179904475,54.27560587
90,48.9,55.9,66.8,1.181673448,54.3569786
91,48.9,55.9,66.7,1.179904475,54.27560587
92,48.8,55.9,66.8,1.181673448,54.3569786
93,48.7,55.8,67.2,1.188749337,54.68246949
94,48.6,55.6,67.6,1.195825226,55.00796038
95,48.8,55.9,68,1.202901114,55.33345126
96,48.6,56.1,67.8,1.19936317,55.17070582
97,48.6,56.5,67.2,1.188749337,54.68246949
98,48.4,56.7,67.3,1.190518309,54.76384221
99,48.2,56.9,67.6,1.195825226,55.00796038
100,47.9,56.9,68.2,1.206439059,55.49619671
101,47.8,57,68.6,1.213514948,55.8216876
102,47.6,56.9,68.9,1.218821864,56.06580577
103,47.5,56.8,68.5,1.211745976,55.74031488
104,47.5,56.6,68,1.202901114,55.33345126
105,47.7,56.3,67.7,1.197594198,55.0893331
106,48,55.8,67.3,1.190518309,54.76384221
107,48.4,55.7,67.2,1.188749337,54.68246949
108,48.5,55.7,67.5,1.194056253,54.92658765
109,48.8,55.9,67.8,1.19936317,55.17070582
110,48.8,55.7,68,1.202901114,55.33345126
111,48.7,55.8,68,1.202901114,55.33345126
112,48.4,56.2,67.8,1.19936317,55.17070582
113,48.2,56.4,67.8,1.19936317,55.17070582
114,48.2,56.2,67.6,1.195825226,55.00796038
115,48.2,56.2,67.1,1.186980364,54.60109676
116,48.2,56.1,67,1.185211392,54.51972404
117,48.4,56.2,67.4,1.192287281,54.84521493
118,48.5,56.1,67.9,1.201132142,55.25207854
119,48.6,56.4,68.2,1.206439059,55.49619671
120,48.4,56.6,68.1,1.204670087,55.41482399
121,48.4,56.9,68,1.202901114,55.33345126
122,48.2,56.9,68.3,1.208208031,55.57756943
123,48.4,57.1,68.6,1.213514948,55.8216876
124,48.4,57.1,68.2,1.206439059,55.49619671
125,48.5,57,67.3,1.190518309,54.76384221
126,48.5,56.4,67.1,1.186980364,54.60109676
127,48.6,56.1,67.2,1.188749337,54.68246949
128,48.5,55.9,67.5,1.194056253,54.92658765
129,48.5,55.9,68,1.202901114,55.33345126
130,48.3,55.3,68.6,1.213514948,55.8216876
131,48.3,55,68.9,1.218821864,56.06580577
132,48.1,55.1,68.8,1.217052892,55.98443304
133,48.1,55.5,68.5,1.211745976,55.74031488
134,47.9,55.6,68.7,1.21528392,55.90306032
135,48.1,56,68.7,1.21528392,55.90306032
136,48,56.2,68.6,1.213514948,55.8216876
137,48,56.2,68.2,1.206439059,55.49619671
138,47.9,56.1,68,1.202901114,55.33345126
139,47.9,56.3,68.1,1.204670087,55.41482399
140,47.7,56.4,68.1,1.204670087,55.41482399
141,47.8,56.5,68.1,1.204670087,55.41482399
142,48.1,56.4,67.7,1.197594198,55.0893331
143,48.5,56.5,67.8,1.19936317,55.17070582
144,48.6,56.5,68.2,1.206439059,55.49619671
145,48.8,56.7,68.2,1.206439059,55.49619671
146,48.9,56.8,68.2,1.206439059,55.49619671
147,48.9,56.9,68.3,1.208208031,55.57756943
148,48.7,56.9,68.4,1.209977003,55.65894215
149,48.5,57,68.4,1.209977003,55.65894215
150,48.2,56.7,68.5,1.211745976,55.74031488
151,48,56.5,68.5,1.211745976,55.74031488
152,48,56.4,68.4,1.209977003,55.65894215
153,48,56.2,68.3,1.208208031,55.57756943
154,48,56.1,68.4,1.209977003,55.65894215
155,48.1,55.9,68.3,1.208208031,55.57756943
156,48,55.8,68.3,1.208208031,55.57756943
157,47.9,56.2,68.4,1.209977003,55.65894215
158,48.1,56.3,68.4,1.209977003,55.65894215
159,48.2,56.7,68.2,1.206439059,55.49619671
160,48.4,56.8,67.9,1.201132142,55.25207854
161,48.6,56.8,67.7,1.197594198,55.0893331
162,48.8,56.6,67.8,1.19936317,55.17070582
163,48.9,56.1,67.7,1.197594198,55.0893331
164,48.9,55.7,67.6,1.195825226,55.00796038
165,48.8,54.9,67.4,1.192287281,54.84521493
166,48.7,54.2,67.2,1.188749337,54.68246949
167,48.7,54.4,67.4,1.192287281,54.84521493
168,48.5,54.9,68,1.202901114,55.33345126
169,48.3,55.3,68.2,1.206439059,55.49619671
170,48.3,55.5,68,1.202901114,55.33345126
171,48.2,55.7,67.6,1.195825226,55.00796038
172,48.1,55.7,67.6,1.195825226,55.00796038
173,48,55.9,68.1,1.204670087,55.41482399
174,48.1,55.9,68.5,1.211745976,55.74031488
175,48.2,56,68.3,1.208208031,55.57756943
176,48.2,56.2,68.1,1.204670087,55.41482399
177,48.4,56.4,67.9,1.201132142,55.25207854
178,48.6,56.2,67.9,1.201132142,55.25207854
179,48.7,56,67.6,1.195825226,55.00796038
180,48.7,55.4,68,1.202901114,55.33345126
181,48.7,55.7,68.2,1.206439059,55.49619671
182,49,55.8,68.3,1.208208031,55.57756943
183,49,56.4,68.2,1.206439059,55.49619671
184,48.8,56.5,68.1,1.204670087,55.41482399
185,48.6,56.5,68.2,1.206439059,55.49619671
186,48.4,56.1,68.1,1.204670087,55.41482399
187,48.1,55.9,68.1,1.204670087,55.41482399
188,47.8,55.8,67.9,1.201132142,55.25207854
189,47.7,56,67.8,1.19936317,55.17070582
190,47.7,55.8,68.3,1.208208031,55.57756943
191,47.8,55.5,68.4,1.209977003,55.65894215
192,47.8,55.2,68.1,1.204670087,55.41482399
193,47.8,55.2,67.7,1.197594198,55.0893331
194,47.9,55.3,67.4,1.192287281,54.84521493
195,48.1,55.5,67.4,1.192287281,54.84521493
196,48.2,55.9,67.7,1.197594198,55.0893331
197,48.4,56.3,68,1.202901114,55.33345126
198,48.6,56.3,68.4,1.209977003,55.65894215
199,48.9,56.5,68.3,1.208208031,55.57756943
200,48.9,56.3,67.9,1.201132142,55.25207854
201,48.8,56.4,67.6,1.195825226,55.00796038
202,48.6,56,67.1,1.186980364,54.60109676
203,48.3,55.9,67.2,1.188749337,54.68246949
204,48.1,55.9,67.7,1.197594198,55.0893331
205,48,56.1,68.3,1.208208031,55.57756943
206,48.1,56.1,68.9,1.218821864,56.06580577
207,48.1,56.1,69,1.220590837,56.14717849
208,48.1,56.2,68.9,1.218821864,56.06580577
209,48.1,56.3,68.5,1.211745976,55.74031488
210,48.1,56.4,68.2,1.206439059,55.49619671
211,48.2,56.3,68.5,1.211745976,55.74031488
212,48.2,56.3,68.2,1.206439059,55.49619671
213,48.3,56.2,68,1.202901114,55.33345126
214,48.3,55.9,67.8,1.19936317,55.17070582
215,48.5,55.7,68.3,1.208208031,55.57756943
216,48.4,55.3,68.4,1.209977003,55.65894215
217,48.2,55.5,68.4,1.209977003,55.65894215
218,48.3,55.6,68.3,1.208208031,55.57756943
219,48.3,56.1,68.1,1.204670087,55.41482399
220,48.4,56.3,68.2,1.206439059,55.49619671
221,48.8,56.5,68.1,1.204670087,55.41482399
222,48.6,56.6,68,1.202901114,55.33345126
223,48.5,56.6,68.2,1.206439059,55.49619671
224,48.3,56.4,68.5,1.211745976,55.74031488
225,48.1,56.1,68.5,1.211745976,55.74031488
226,48,55.7,68.3,1.208208031,55.57756943
227,47.8,55.3,67.8,1.19936317,55.17070582
228,47.7,55.2,67.4,1.192287281,54.84521493
229,47.9,55.5,67.5,1.194056253,54.92658765
230,48.1,55.8,67.9,1.201132142,55.25207854
231,48.3,56.3,68.5,1.211745976,55.74031488
232,48.4,56.4,68.8,1.217052892,55.98443304
233,48.4,56.6,68.6,1.213514948,55.8216876
234,48.4,56.7,68.4,1.209977003,55.65894215
235,48.5,56.7,67.9,1.201132142,55.25207854
236,48.5,56.4,67.6,1.195825226,55.00796038
237,48.6,56.3,67.4,1.192287281,54.84521493
238,48.5,56.2,66.9,1.18344242,54.43835132
239,48.5,56.3,66.5,1.176366531,54.11286043
240,48.2,56.2,66.5,1.176366531,54.11286043
241,48.1,56.2,66.7,1.179904475,54.27560587
242,48,56.3,67.2,1.188749337,54.68246949
243,47.9,56.5,67.5,1.194056253,54.92658765
244,47.8,56.4,67.9,1.201132142,55.25207854
245,47.7,56.4,68.3,1.208208031,55.57756943
246,47.6,56.3,68.5,1.211745976,55.74031488
247,47.7,56.4,68.2,1.206439059,55.49619671
248,47.8,56.2,67.3,1.190518309,54.76384221
249,47.9,56.2,67,1.185211392,54.51972404
250,48.1,55.8,67.4,1.192287281,54.84521493
251,48.2,55.2,67.6,1.195825226,55.00796038
252,48.3,54.8,67.9,1.201132142,55.25207854
253,48.5,55.2,68.4,1.209977003,55.65894215
254,48.6,55.4,68.5,1.211745976,55.74031488
255,48.7,55.7,68.3,1.208208031,55.57756943
256,48.6,56.2,68.7,1.21528392,55.90306032
257,48.5,56.6,68.7,1.21528392,55.90306032
258,48.3,56.7,68.4,1.209977003,55.65894215
259,48.4,56.9,68.1,1.204670087,55.41482399
260,48.4,56.9,67.6,1.195825226,55.00796038
261,48.5,56.7,67.5,1.194056253,54.92658765
262,48.5,56.3,67.1,1.186980364,54.60109676
263,48.5,55.8,67,1.185211392,54.51972404
264,48.3,55.3,66.9,1.18344242,54.43835132
265,48.2,55.3,67.1,1.186980364,54.60109676
266,48.2,55.3,67.5,1.194056253,54.92658765
267,48.3,55.5,67.8,1.19936317,55.17070582
268,48.4,55.5,67.2,1.188749337,54.68246949
269,48.6,55.8,66.6,1.178135503,54.19423315
270,48.7,56,66.4,1.174597559,54.03148771
271,48.9,56.3,66.3,1.172828587,53.95011498
272,48.7,56.2,66.4,1.174597559,54.03148771
273,48.7,56.1,66.9,1.18344242,54.43835132
274,48.7,55.7,67.5,1.194056253,54.92658765
275,48.7,55.4,68,1.202901114,55.33345126
276,48.5,55,67.8,1.19936317,55.17070582
277,48.4,54.5,67.4,1.192287281,54.84521493
278,48.3,54.7,67.2,1.188749337,54.68246949
279,48.1,55.6,67.3,1.190518309,54.76384221
280,47.9,56.4,67.4,1.192287281,54.84521493
281,47.7,56.6,67.3,1.190518309,54.76384221
282,47.6,56.6,67.4,1.192287281,54.84521493
283,47.6,56.4,67.9,1.201132142,55.25207854
284,47.6,56.2,68.1,1.204670087,55.41482399
285,47.9,56.2,68.1,1.204670087,55.41482399
286,48.1,56,68,1.202901114,55.33345126
287,48.3,55.8,68.2,1.206439059,55.49619671
288,48.1,55.9,68.2,1.206439059,55.49619671
289,47.9,56.1,68.2,1.206439059,55.49619671
290,47.9,56,68,1.202901114,55.33345126
291,48,56,67.6,1.195825226,55.00796038
292,48,56,67.2,1.188749337,54.68246949
293,47.9,56.3,67,1.185211392,54.51972404
294,47.9,56.3,67.2,1.188749337,54.68246949
295,48.1,56.3,67.3,1.190518309,54.76384221
296,48.2,56.5,67.1,1.186980364,54.60109676
297,48.2,56.5,66.9,1.18344242,54.43835132
298,48.3,56,66.7,1.179904475,54.27560587
299,48.5,55.9,67.1,1.186980364,54.60109676
300,48.6,55.8,67.8,1.19936317,55.17070582
301,48.6,55.8,67.8,1.19936317,55.17070582
302,48.7,55.7,67.5,1.194056253,54.92658765
303,48.7,55.7,67.5,1.194056253,54.92658765
304,48.7,55.9,67.4,1.192287281,54.84521493
305,48.7,55.9,67,1.185211392,54.51972404
306,48.7,55.6,66.8,1.181673448,54.3569786
307,48.9,55.5,67.3,1.190518309,54.76384221
308,48.9,55.7,67.3,1.190518309,54.76384221
309,48.8,55.9,67.4,1.192287281,54.84521493
310,48.7,55.9,67.9,1.201132142,55.25207854
311,48.5,55.8,68.1,1.204670087,55.41482399
312,48.2,55.9,68.3,1.208208031,55.57756943
313,48.1,56.3,68.5,1.211745976,55.74031488
314,48,56.4,68.8,1.217052892,55.98443304
315,47.9,55.8,68.8,1.217052892,55.98443304
316,47.9,55.5,68.3,1.208208031,55.57756943
317,48,55.7,67.6,1.195825226,55.00796038
318,48.1,55.9,67.2,1.188749337,54.68246949
319,48.2,56.6,67.5,1.194056253,54.92658765
320,48.2,56.4,68.1,1.204670087,55.41482399
321,48.2,56.3,68.7,1.21528392,55.90306032
322,48.2,56.1,69,1.220590837,56.14717849
323,48.1,56.1,69.1,1.222359809,56.22855121
324,48.1,56.1,68.6,1.213514948,55.8216876
325,47.9,56.2,68.2,1.206439059,55.49619671
326,47.8,56.2,67.8,1.19936317,55.17070582
327,47.7,56.1,67.7,1.197594198,55.0893331
328,47.8,55.8,68,1.202901114,55.33345126
329,48.1,55.5,68.1,1.204670087,55.41482399
330,48.4,55.2,68,1.202901114,55.33345126
331,48.5,55.2,67.9,1.201132142,55.25207854
332,48.5,55.4,67.7,1.197594198,55.0893331
333,48.6,55.6,67.2,1.188749337,54.68246949
334,48.6,55.5,66.6,1.178135503,54.19423315
335,48.5,55.5,66.7,1.179904475,54.27560587
336,48.6,55.9,67.4,1.192287281,54.84521493
337,48.6,56.1,67.7,1.197594198,55.0893331
338,48.6,55.9,67.6,1.195825226,55.00796038
339,48.7,55.8,67.4,1.192287281,54.84521493
340,48.6,55.7,67.3,1.190518309,54.76384221
341,48.6,55.8,67.7,1.197594198,55.0893331
342,48.6,55.6,67.9,1.201132142,55.25207854
343,48.7,55.5,67.6,1.195825226,55.00796038
344,48.7,55.6,67.4,1.192287281,54.84521493
345,48.6,55.7,67.9,1.201132142,55.25207854
346,48.4,55.6,68.3,1.208208031,55.57756943
347,48.1,55.6,68.8,1.217052892,55.98443304
348,47.8,55.8,68.7,1.21528392,55.90306032
349,47.8,56.1,68.3,1.208208031,55.57756943
350,47.9,56.4,68.2,1.206439059,55.49619671
351,48.2,56.6,68.3,1.208208031,55.57756943
352,48.2,56.7,68,1.202901114,55.33345126
353,48.2,55.7,68.2,1.206439059,55.49619671
354,48.2,55.5,68.3,1.208208031,55.57756943
355,48.3,55.4,68,1.202901114,55.33345126
356,48.5,55.4,67.2,1.188749337,54.68246949
357,48.6,55.9,67,1.185211392,54.51972404
358,48.7,55.5,67.1,1.186980364,54.60109676
359,48.7,55.5,67.2,1.188749337,54.68246949
360,48.5,56.1,66.7,1.179904475,54.27560587
361,48.4,56.4,66.3,1.172828587,53.95011498
362,48.1,56.5,67,1.185211392,54.51972404
363,47.8,56.8,67.6,1.195825226,55.00796038
364,47.7,56.9,67.6,1.195825226,55.00796038
365,47.8,56.7,67.3,1.190518309,54.76384221
366,48.1,56.4,67.4,1.192287281,54.84521493
367,48.3,55.9,67.4,1.192287281,54.84521493
368,48.4,55.5,67.2,1.188749337,54.68246949
369,48.4,55.6,67,1.185211392,54.51972404
370,48.4,55.8,66.9,1.18344242,54.43835132
371,48.5,55.9,67.2,1.188749337,54.68246949
372,48.5,55.9,67.5,1.194056253,54.92658765
373,48.5,55.8,67.8,1.19936317,55.17070582
374,48.4,55.5,68,1.202901114,55.33345126
375,48.3,55.6,68.2,1.206439059,55.49619671
376,48.3,55.8,68.2,1.206439059,55.49619671
377,48.2,55.8,68.1,1.204670087,55.41482399
378,48.2,55.8,67.8,1.19936317,55.17070582
379,48.4,55.7,68.1,1.204670087,55.41482399
380,48.6,56.2,68.3,1.208208031,55.57756943
381,48.8,56.5,68.5,1.211745976,55.74031488
382,48.8,56.7,68.3,1.208208031,55.57756943
383,48.6,56.5,68,1.202901114,55.33345126
384,48.4,56.3,67.8,1.19936317,55.17070582
385,48.4,56.3,67.6,1.195825226,55.00796038
386,48.5,56.1,67.4,1.192287281,54.84521493
387,48.5,56.2,67.2,1.188749337,54.68246949
388,48.5,56.3,67.1,1.186980364,54.60109676
389,48.4,56.2,67.5,1.194056253,54.92658765
390,48.5,56,67.7,1.197594198,55.0893331
391,48.7,55.8,67.8,1.19936317,55.17070582
392,48.5,55.7,67.6,1.195825226,55.00796038
393,48.6,55.8,67.3,1.190518309,54.76384221
394,48.8,55.6,67.1,1.186980364,54.60109676
395,48.7,55.4,67.2,1.188749337,54.68246949
396,48.6,55.5,67.5,1.194056253,54.92658765
397,48.5,55.1,68,1.202901114,55.33345126
398,48.4,54.8,68.3,1.208208031,55.57756943
399,48.1,54.9,68.1,1.204670087,55.41482399
400,47.8,55.7,67.6,1.195825226,55.00796038
401,47.5,56.8,67.5,1.194056253,54.92658765
402,47.4,57.2,67.5,1.194056253,54.92658765
403,47.5,57.4,67.6,1.195825226,55.00796038
404,47.6,57.4,67.8,1.19936317,55.17070582
405,47.7,57.1,68,1.202901114,55.33345126
406,47.9,56.6,68.2,1.206439059,55.49619671
407,48.1,56,68.3,1.208208031,55.57756943
408,48.3,55.6,68.2,1.206439059,55.49619671
409,48.4,55.8,68,1.202901114,55.33345126
410,48.6,55.9,67.7,1.197594198,55.0893331
411,48.6,56.1,67.5,1.194056253,54.92658765
412,48.7,56.2,67.2,1.188749337,54.68246949
413,48.7,56.4,66.7,1.179904475,54.27560587
414,48.7,56.5,66.5,1.176366531,54.11286043
415,48.4,56.4,66.4,1.174597559,54.03148771
416,48.3,56.4,66.8,1.181673448,54.3569786
417,48.1,56.3,67.3,1.190518309,54.76384221
418,48.2,56.1,67.4,1.192287281,54.84521493
419,48.4,55.8,67.6,1.195825226,55.00796038
420,48.4,55.6,67.3,1.190518309,54.76384221
421,48.5,55.7,66.8,1.181673448,54.3569786
422,48.5,55.9,66.9,1.18344242,54.43835132
423,48.5,56.1,67.3,1.190518309,54.76384221
424,48.4,56.3,67.5,1.194056253,54.92658765
425,48.4,56.2,67.8,1.19936317,55.17070582
426,48.5,56.2,68.1,1.204670087,55.41482399
427,48.3,56,68.3,1.208208031,55.57756943
428,48.3,55.8,68.2,1.206439059,55.49619671
429,48.3,55.6,67.9,1.201132142,55.25207854
430,48.4,55.5,67.4,1.192287281,54.84521493
431,48.4,55.4,67.4,1.192287281,54.84521493
432,48.2,55.2,67.2,1.188749337,54.68246949
433,48.2,55.5,66.9,1.18344242,54.43835132
434,48.3,55.9,66.9,1.18344242,54.43835132
435,48.2,56.2,67,1.185211392,54.51972404
436,48.1,55.9,67.1,1.186980364,54.60109676
437,47.9,55.8,67.1,1.186980364,54.60109676
438,47.8,55.8,67.1,1.186980364,54.60109676
439,47.7,56.1,67.3,1.190518309,54.76384221
440,47.7,56.5,67.4,1.192287281,54.84521493
441,47.5,57.2,67.3,1.190518309,54.76384221
442,47.6,57.1,67.2,1.188749337,54.68246949
443,48,56.8,67.1,1.186980364,54.60109676
444,48.2,56.7,67.4,1.192287281,54.84521493
445,48.5,56.3,67.6,1.195825226,55.00796038
446,48.7,56,67.8,1.19936317,55.17070582
447,48.9,55.7,68.4,1.209977003,55.65894215
448,48.9,55.8,68.5,1.211745976,55.74031488
449,49,56,68.2,1.206439059,55.49619671
450,49,56.1,68,1.202901114,55.33345126
451,48.8,56,68.1,1.204670087,55.41482399
452,48.7,56,67.8,1.19936317,55.17070582
453,48.4,55.9,67.9,1.201132142,55.25207854
454,48.1,55.6,68.3,1.208208031,55.57756943
455,48,55.3,68.7,1.21528392,55.90306032
456,47.9,55.2,68.6,1.213514948,55.8216876
457,48,55.4,68.1,1.204670087,55.41482399
458,48,55.8,67.8,1.19936317,55.17070582
459,48,56.1,68.4,1.209977003,55.65894215
460,48.2,56.2,68.7,1.21528392,55.90306032
461,48.4,56.3,68.4,1.209977003,55.65894215
462,48.7,56.3,68.2,1.206439059,55.49619671
463,48.6,56.3,68,1.202901114,55.33345126
464,48.6,56.2,68,1.202901114,55.33345126
465,48.6,56,67.8,1.19936317,55.17070582
466,48.7,55.7,67.6,1.195825226,55.00796038
467,48.6,55.4,67.8,1.19936317,55.17070582
468,48.5,55.2,67.8,1.19936317,55.17070582
469,48.4,55.3,67.7,1.197594198,55.0893331
470,48.1,55.9,68.1,1.204670087,55.41482399
471,48.1,56.1,68.4,1.209977003,55.65894215
472,47.9,56.5,69,1.220590837,56.14717849
473,47.9,56.7,68.8,1.217052892,55.98443304
474,47.9,56.5,68,1.202901114,55.33345126
475,48.1,56.4,67.4,1.192287281,54.84521493
476,47.9,56.4,67.3,1.190518309,54.76384221
477,48.1,56.7,67.1,1.186980364,54.60109676
478,48.2,56.9,67,1.185211392,54.51972404
479,48.5,57.3,66.9,1.18344242,54.43835132
480,48.6,57.4,67.5,1.194056253,54.92658765
481,48.6,57.3,67.4,1.192287281,54.84521493
482,48.5,56.8,67.6,1.195825226,55.00796038
483,48.7,56.6,68,1.202901114,55.33345126
484,48.6,56.2,68.1,1.204670087,55.41482399
485,48.5,56,67.9,1.201132142,55.25207854
486,48.5,55.7,67.7,1.197594198,55.0893331
487,48.5,55.5,67.3,1.190518309,54.76384221
488,48.3,55.6,67.2,1.188749337,54.68246949
489,48.3,55.7,67.1,1.186980364,54.60109676
490,48.1,55.6,67.7,1.197594198,55.0893331
491,48.3,55.5,68,1.202901114,55.33345126
492,48,55.3,68.5,1.211745976,55.74031488
493,47.9,55.6,68.6,1.213514948,55.8216876
494,47.6,55.9,68.2,1.206439059,55.49619671
495,47.6,56.4,68,1.202901114,55.33345126
496,47.5,56.7,67.7,1.197594198,55.0893331
497,47.7,57,67.6,1.195825226,55.00796038
498,47.9,57,68,1.202901114,55.33345126
499,48.2,57,68.2,1.206439059,55.49619671
500,48.2,56.8,68,1.202901114,55.33345126
501,48.4,56.6,67.2,1.188749337,54.68246949
502,48.6,56.1,66.4,1.174597559,54.03148771
503,49,55.9,66.2,1.171059614,53.86874226
504,49,55.3,66.3,1.172828587,53.95011498
505,49,55.3,66.5,1.176366531,54.11286043
506,48.7,55.3,66.9,1.18344242,54.43835132
507,48.5,55.4,67.5,1.194056253,54.92658765
508,48.1,55.5,68.2,1.206439059,55.49619671
509,47.9,55.9,68.1,1.204670087,55.41482399
510,47.7,55.9,67.6,1.195825226,55.00796038
511,47.7,55.9,67.1,1.186980364,54.60109676
512,47.8,55.9,66.8,1.181673448,54.3569786
513,47.9,56.2,66.3,1.172828587,53.95011498
514,48.1,56.1,66.4,1.174597559,54.03148771
515,48.6,56,66.6,1.178135503,54.19423315
516,48.7,56.1,66.8,1.181673448,54.3569786
517,48.8,56.5,66.6,1.178135503,54.19423315
518,48.8,56.9,66.6,1.178135503,54.19423315
519,49,57.2,66.7,1.179904475,54.27560587
520,48.8,57,66.9,1.18344242,54.43835132
521,48.8,56.8,66.7,1.179904475,54.27560587
522,48.7,56.4,67,1.185211392,54.51972404
523,48.8,56.4,67,1.185211392,54.51972404
524,48.5,56.5,66.9,1.18344242,54.43835132
525,48.3,56.6,66.8,1.181673448,54.3569786
526,48,56.5,66.9,1.18344242,54.43835132
527,48,56.2,67.1,1.186980364,54.60109676
528,47.9,55.7,67.5,1.194056253,54.92658765
529,47.9,55.4,67.3,1.190518309,54.76384221
530,47.9,55.2,67.3,1.190518309,54.76384221
531,48,55.6,67.3,1.190518309,54.76384221
532,48.1,56.2,67.2,1.188749337,54.68246949
533,48.2,56.8,66.6,1.178135503,54.19423315
534,48,57,66.6,1.178135503,54.19423315
535,48.3,57,66.9,1.18344242,54.43835132
536,48.2,57,67.8,1.19936317,55.17070582
537,48.5,57.2,68.3,1.208208031,55.57756943
538,48.6,57,68.7,1.21528392,55.90306032
539,48.8,56.5,68.7,1.21528392,55.90306032
540,48.9,55.9,68.6,1.213514948,55.8216876
541,48.9,55.6,67.9,1.201132142,55.25207854
542,48.8,55.3,67.1,1.186980364,54.60109676
543,48.6,55.8,66.4,1.174597559,54.03148771
544,48.4,56.2,66.7,1.179904475,54.27560587
545,48.2,56.4,66.9,1.18344242,54.43835132
546,47.9,56.2,67.5,1.194056253,54.92658765
547,47.8,56.2,68,1.202901114,55.33345126
548,47.7,56.1,68.7,1.21528392,55.90306032
549,47.6,56.2,69.1,1.222359809,56.22855121
550,47.6,56,68.9,1.218821864,56.06580577
551,48,56.1,68,1.202901114,55.33345126
552,48.2,56.1,67.3,1.190518309,54.76384221
553,48.6,56.3,66.8,1.181673448,54.3569786
554,48.7,56.4,66.6,1.178135503,54.19423315
555,48.9,56.6,66.5,1.176366531,54.11286043
556,48.7,56.8,66.3,1.172828587,53.95011498
557,48.7,56.9,66.2,1.171059614,53.86874226
558,48.6,56.6,66.3,1.172828587,53.95011498
559,48.5,56.2,66.4,1.174597559,54.03148771
560,48.4,55.9,67.2,1.188749337,54.68246949
561,48.3,55.8,67.9,1.201132142,55.25207854
562,48.1,55.5,68.2,1.206439059,55.49619671
563,48.2,55.7,68.4,1.209977003,55.65894215
564,48.2,55.8,68.3,1.208208031,55.57756943
565,48.2,55.7,68,1.202901114,55.33345126
566,48.3,55.3,67.8,1.19936317,55.17070582
567,48.4,55.1,67.3,1.190518309,54.76384221
568,48.4,55.3,67.3,1.190518309,54.76384221
569,48.4,55.9,67.3,1.190518309,54.76384221
570,48.4,56.1,67.5,1.194056253,54.92658765
571,48.6,56.3,67.6,1.195825226,55.00796038
572,48.6,56.3,67.5,1.194056253,54.92658765
573,48.7,56.6,67.6,1.195825226,55.00796038
574,48.7,56.7,67.5,1.194056253,54.92658765
575,48.7,56.9,67,1.185211392,54.51972404
576,48.5,56.7,66.8,1.181673448,54.3569786
577,48.4,56.6,66.4,1.174597559,54.03148771
578,48.3,56,66.4,1.174597559,54.03148771
579,48.4,55.7,66.8,1.181673448,54.3569786
580,48.1,55.6,67.5,1.194056253,54.92658765
581,47.9,55.7,67.8,1.19936317,55.17070582
582,47.8,55.5,67.7,1.197594198,55.0893331
583,47.7,55.5,67.2,1.188749337,54.68246949
584,47.5,55.4,66.4,1.174597559,54.03148771
585,47.7,55.6,65.9,1.165752698,53.62462409
586,47.7,55.7,66.2,1.171059614,53.86874226
587,48.1,55.9,66.8,1.181673448,54.3569786
588,48.2,55.7,67.7,1.197594198,55.0893331
589,48.4,55.9,68.5,1.211745976,55.74031488
590,48.5,55.9,69.1,1.222359809,56.22855121
591,48.8,56.1,69.1,1.222359809,56.22855121
592,48.7,56.5,68.7,1.21528392,55.90306032
593,48.8,56.8,67.8,1.19936317,55.17070582
594,48.8,56.5,67.4,1.192287281,54.84521493
595,48.9,56.4,67.6,1.195825226,55.00796038
596,48.6,56.2,67.8,1.19936317,55.17070582
597,48.6,56.1,68,1.202901114,55.33345126
598,48.4,55.8,68.3,1.208208031,55.57756943
599,48.5,55.9,68.6,1.213514948,55.8216876
600,48.2,55.7,68.8,1.217052892,55.98443304
601,48.2,55.9,68.8,1.217052892,55.98443304
602,48.3,55.8,68.9,1.218821864,56.06580577
603,48.4,55.7,68.9,1.218821864,56.06580577
604,48.4,55.4,68.5,1.211745976,55.74031488
605,48.4,55.6,68,1.202901114,55.33345126
606,48.3,55.5,67.7,1.197594198,55.0893331
607,48.5,55.8,67.3,1.190518309,54.76384221
608,48.3,56,67.2,1.188749337,54.68246949
609,48.2,56.4,67.3,1.190518309,54.76384221
610,48,56.7,67.2,1.188749337,54.68246949
611,48.3,57.1,66.9,1.18344242,54.43835132
612,48,56.9,67.4,1.192287281,54.84521493
613,48,56.9,67.7,1.197594198,55.0893331
614,47.9,56.6,68.2,1.206439059,55.49619671
615,48.1,56.5,68.5,1.211745976,55.74031488
616,48.1,56.2,68.7,1.21528392,55.90306032
617,48.2,56,68.1,1.204670087,55.41482399
618,48.2,55.6,67.3,1.190518309,54.76384221
619,48.3,55.4,66.6,1.178135503,54.19423315
620,48.2,55.3,66.2,1.171059614,53.86874226
621,48.4,55.6,66.3,1.172828587,53.95011498
622,48.4,55.4,66.9,1.18344242,54.43835132
623,48.5,55.6,67.7,1.197594198,55.0893331
624,48.4,55.6,68.4,1.209977003,55.65894215
625,48.5,55.9,68.3,1.208208031,55.57756943
626,48.5,55.7,68,1.202901114,55.33345126
627,48.8,55.4,67.6,1.195825226,55.00796038
628,48.8,55.2,67.4,1.192287281,54.84521493
629,48.9,55.4,67.7,1.197594198,55.0893331
630,48.8,55.6,68.1,1.204670087,55.41482399
631,48.7,56.1,68.2,1.206439059,55.49619671
632,,,56.53,1,46